shortname,,antigen,KD_titeseq,KD_titeseq_err,KD_BLI,KD_BLI_err
UCA,0000000000000000,MA90,8.55177344,0.060947728,7.64054398,0.011795768
I-2,0000001010100000,MA90,9.026952181,0.030390077,8.800519085,0.013098415
CH65,1111111111111111,MA90,10.10262723,0.023271469,9.176460566,0.020502559
322,0010000000000000,MA90,9.286082325,0.008812547,7.942333896,0.013060242
323,0000000000100000,MA90,8.941417004,0.009509199,8.301464507,0.009493125
324,0001100000100000,MA90,9.501076317,0.030963745,9.062933688,0.015674657
325,0001100001100000,MA90,9.667131999,0.100846478,9.151995729,0.01143887
326,0010001011100000,MA90,9.937605787,0.032504123,9.361211333,0.021314937
327,0000001011100000,MA90,9.336395919,0.003486036,8.717831222,0.010409959
328,0010000001000000,MA90,9.251819661,0.012653911,8.471726223,0.011221507
329,0111100101100100,MA90,9.672809657,0,9.492144128,0.031115262
330,0101100101100100,MA90,9.849725871,0,9.67325462,0.017689405
UCA,,G189E,6,0,6,0
I-2,,G189E,7.916462144,0.114321794,7.557677044,0.026655758
CH65,,G189E,9.748962402,0.146449154,8.63638802,0.008877965
322,,G189E,7.677322597,0.158532321,7.797784224,0.095530082
323,,G189E,7.423809888,0.127316839,6.738023809,0.166707043
324,,G189E,8.924028405,0.221682318,7.591760035,0.01965518
325,,G189E,9.374073934,0.162688001,7.581698709,0.020810333
326,,G189E,9.643517443,0.026804351,7.465593101,0.017049167
327,,G189E,8.941902337,0.111728491,7.504316932,0.015217815
328,,G189E,7.48931354,0.320982613,6.798876103,0.120589303
329,,G189E,9.546174922,0.031614831,7.499214827,0.020525879
330,,G189E,9.650498791,0.06283375,8.556737013,0.032317023
UCA,,SI06,6,0,6,0
I-2,,SI06,6,0,6,0
CH65,,SI06,9.345456422,0.067192977,7.367643954,0.021531807
322,,SI06,6,0,6,0
323,,SI06,6,0,6,0
324,,SI06,7.203671866,0.075356379,7.488785299,0.120550409
325,,SI06,8.382073768,0.100815846,7.635261445,0.041510823
326,,SI06,8.395017735,0.05232723,6.619788758,0.023740103
327,,SI06,7.691698845,0.143598863,6,0
328,,SI06,6,0,6,0
329,,SI06,7.800101365,0.09784989,6.430275051,0.26578942
330,,SI06,8.339457208,0.169709605,8.123493496,0.125763672