shortname,antigen,KD_titeseq,KD_titeseq_err,isogenic_rep1,isogenic_rep2,KD,KD_err
germline,MA90,8.542520677,0.070200491,7.71,7.75,7.73,0.02
somatic,MA90,10.10533033,0.020568366,10.01,10.11,10.06,0.05
germline,SI06,6,0,6,6,6,0
somatic,SI06,9.158028021,0.007895572,9.21,9.42,9.315,0.105
germline,G189E,6,0,6,6,6,0
somatic,G189E,9.583173004,0.128268829,9.65,9.52,9.585,0.065