shortname,antigen,KD_titeseq,KD_titeseq_err,isogenic_rep1,isogenic_rep2,KD,KD_err
germline,MA90,8.537283135,0.041378439,7.71,7.75,8.542520677,0.040530272
somatic,MA90,10.10360443,0.012482959,10.01,10.11,10.10533033,0.011875152
germline,SI06,6,0,6,6,6,0
somatic,SI06,9.117507778,0.004827448,9.21,9.42,9.158028021,0.00455851
germline,G189E,6,0,6,6,6,0
somatic,G189E,9.588305659,0.047675905,9.65,9.52,9.583173004,0.074056043