,mutation_names,MA90_dKd_mean,MA90_dKd_sem,SI06_dKd_mean,SI06_dKd_sem,G189E_dKd_mean,G189E_dKd_sem
0,N26D,-0.005957360083280793,0.00033419865570875364,0.11939767378584182,0.0013707042686292885,-0.02746734637846166,0.0010122041429764192
1,S29R,0.051100619401427114,0.00037533548604122606,0.1552315881908023,0.00159407022838758,0.29188214468944773,0.0020865374825246516
2,Y35N,0.47380602958468326,0.0011680931635318424,0.386927671882213,0.0035391911522926673,1.0725420858709638,0.004765169710374884
3,Y48C,-0.008687338992129657,0.0018827124786665774,0.02475919289946073,0.003397433057113455,0.006276884909245876,0.004498160707765524
4,D49Y,0.24361377767788295,0.0019188689132936551,0.4401358003596674,0.004286650398683775,0.6420289181932,0.004861157306911562
5,V98I,0.013458224943587687,0.0003245619548956314,0.04278261731822638,0.0009974016746371376,-0.017340653721671453,0.0009743761382942645
6,G31D,0.14792118615477376,0.0006632923206557527,0.15523256393342752,0.001657076900956284,0.4992564397572357,0.002958100367526088
7,Y33H,0.24359472210664954,0.0008341625728137329,0.2532589723149351,0.002578021810278892,0.3830654489449036,0.0024822756180365923
8,M34I,0.015516902697274683,0.0004501301609680946,0.09676181004062794,0.0014535488005541,0.08265663604226486,0.0012405692611947854
9,H35N,0.16380507670480673,0.0007591995803400776,0.3132192046852181,0.0028053119073189374,0.37927545602331453,0.0031054509975510496
10,N52H,0.3551461546317764,0.001007022004649439,1.6678617540988971,0.004966656278683566,1.3584962382184067,0.004840452811768269
11,G57D,0.010069659761285507,0.0004308713588387276,0.047141828513463,0.0012287705754243964,0.0339180921986559,0.0012852497863790047
12,L83V,0.02765886963574404,0.00035557572951130776,0.011895654667412329,0.0009881977532520032,0.00118328289934581,0.0010007942993752455
13,S84N,0.006307458440772892,0.00033393147820873263,0.013926944671611718,0.0009526664264191566,0.01524582455540942,0.0009602381427251175
14,R85G,-0.039796060003019273,0.000533877486157356,0.04164130049656748,0.0014271295897223396,-0.029365713180597764,0.0014150462957703517
15,R87K,0.09897762639883925,0.0005258179948619181,0.19797500379294447,0.0017325593935329034,0.23855603053239924,0.0017028942434759785
