,mutation_names,MA90_dKd_mean,MA90_dKd_sem,SI06_dKd_mean,SI06_dKd_sem,G189E_dKd_mean,G189E_dKd_sem
0,N26D,-0.005893977961114668,0.0003368714983958243,0.12520594628671955,0.0012991705092268947,-0.02378831380815367,0.0013979669699176003
1,S29R,0.051352658490595164,0.0003787651455874183,0.142750908108728,0.0014951715309406753,0.28286350757334827,0.00201391971550951
2,Y35N,0.4759222379250787,0.001181770415319864,0.35073012941518245,0.003493046563353488,0.9484712899428741,0.004559170448273331
3,Y48C,-0.009082120467981241,0.0019023107769012457,0.045926824044879425,0.003476121774192346,-0.019971257117469006,0.004268914555544227
4,D49Y,0.24535351194887825,0.001940074077604021,0.4239514906285762,0.004312796897262828,0.6085149275034276,0.004754516800095019
5,V98I,0.013609464374481413,0.0003270096150325285,0.04125365710644581,0.0007397844108462678,-0.017200922458633233,0.0013534576341260847
6,G31D,0.1505761007654954,0.0006708849150365721,0.16014556378149758,0.001501639782515807,0.5561756047117783,0.0027566296022303316
7,Y33H,0.2453171582580942,0.0008417992879224348,0.262465434236992,0.0025197756249655677,0.381848708072984,0.0025351138333175116
8,M34I,0.01619500506607654,0.00045296084380321846,0.11412351961934822,0.0013809920370230994,0.10956410034490038,0.0016196265204112684
9,H35N,0.16414892017899635,0.000765841774221516,0.32814613813829496,0.003042285849425749,0.34758419252535483,0.003106419416812472
10,N52H,0.3578815730893253,0.0010180282380210061,1.3519330073837346,0.005153030810675853,1.2587208087069597,0.0045446510076489095
11,G57D,0.011359265035294256,0.00043449833786267687,0.045892466855481956,0.0009275861407381466,0.08102825470468118,0.0015424713090707257
12,L83V,0.027724381939120562,0.00035839606662176624,0.008644957932799765,0.0007619084331800098,-0.001073808047170111,0.0013842044449031835
13,S84N,0.0064948686628233795,0.00033648218905873485,0.017232374872912633,0.0006962502553300816,0.017437621576923246,0.001381911260089096
14,R85G,-0.039103767960239906,0.0005398554802839999,0.05197350273803228,0.0012758957610654105,0.012476569886677124,0.0016647107498678195
15,R87K,0.10052450203681934,0.0005317005349200712,0.19562075593407413,0.0017174054628636443,0.25603393166001137,0.0017836129899879048
